"Country or Area","Year(s)","GENDER","Value","Value Footnotes"
"Afghanistan","2012","Male","294",""
"Afghanistan","2012","Female","242",""
"Afghanistan","2012","Both sexes","268",""
"Afghanistan","2000","Male","349",""
"Afghanistan","2000","Female","301",""
"Afghanistan","2000","Both sexes","325",""
"Afghanistan","1990","Male","412",""
"Afghanistan","1990","Female","368",""
"Afghanistan","1990","Both sexes","389",""
"Albania","2012","Male","121",""
"Albania","2012","Female","87",""
"Albania","2012","Both sexes","104",""
"Albania","2000","Male","157",""
"Albania","2000","Female","103",""
"Albania","2000","Both sexes","130",""
"Albania","1990","Male","158",""
"Albania","1990","Female","104",""
"Albania","1990","Both sexes","133",""
"Algeria","2012","Male","165",""
"Algeria","2012","Female","122",""
"Algeria","2012","Both sexes","144",""
"Algeria","2000","Male","183",""
"Algeria","2000","Female","138",""
"Algeria","2000","Both sexes","161",""
"Algeria","1990","Male","199",""
"Algeria","1990","Female","152",""
"Algeria","1990","Both sexes","175",""
"Andorra","2012","Male","92",""
"Andorra","2012","Female","43",""
"Andorra","2012","Both sexes","68",""
"Andorra","2000","Male","126",""
"Andorra","2000","Female","50",""
"Andorra","2000","Both sexes","88",""
"Andorra","1990","Male","144",""
"Andorra","1990","Female","60",""
"Andorra","1990","Both sexes","102",""
"Angola","2012","Male","376",""
"Angola","2012","Female","336",""
"Angola","2012","Both sexes","356",""
"Angola","2000","Male","440",""
"Angola","2000","Female","390",""
"Angola","2000","Both sexes","415",""
"Angola","1990","Male","505",""
"Angola","1990","Female","409",""
"Angola","1990","Both sexes","458",""
"Antigua and Barbuda","2012","Male","203",""
"Antigua and Barbuda","2012","Female","147",""
"Antigua and Barbuda","2012","Both sexes","175",""
"Antigua and Barbuda","2000","Male","203",""
"Antigua and Barbuda","2000","Female","148",""
"Antigua and Barbuda","2000","Both sexes","176",""
"Antigua and Barbuda","1990","Male","205",""
"Antigua and Barbuda","1990","Female","143",""
"Antigua and Barbuda","1990","Both sexes","174",""
"Argentina","2012","Male","152",""
"Argentina","2012","Female","84",""
"Argentina","2012","Both sexes","118",""
"Argentina","2000","Male","179",""
"Argentina","2000","Female","92",""
"Argentina","2000","Both sexes","136",""
"Argentina","1990","Male","198",""
"Argentina","1990","Female","103",""
"Argentina","1990","Both sexes","150",""
"Armenia","2012","Male","228",""
"Armenia","2012","Female","96",""
"Armenia","2012","Both sexes","163",""
"Armenia","2000","Male","210",""
"Armenia","2000","Female","96",""
"Armenia","2000","Both sexes","149",""
"Armenia","1990","Male","280",""
"Armenia","1990","Female","135",""
"Armenia","1990","Both sexes","208",""
"Australia","2012","Male","75",""
"Australia","2012","Female","44",""
"Australia","2012","Both sexes","60",""
"Australia","2000","Male","97",""
"Australia","2000","Female","55",""
"Australia","2000","Both sexes","77",""
"Australia","1990","Male","124",""
"Australia","1990","Female","66",""
"Australia","1990","Both sexes","96",""
"Austria","2012","Male","91",""
"Austria","2012","Female","47",""
"Austria","2012","Both sexes","69",""
"Austria","2000","Male","126",""
"Austria","2000","Female","63",""
"Austria","2000","Both sexes","95",""
"Austria","1990","Male","154",""
"Austria","1990","Female","74",""
"Austria","1990","Both sexes","114",""
"Azerbaijan","2012","Male","169",""
"Azerbaijan","2012","Female","82",""
"Azerbaijan","2012","Both sexes","125",""
"Azerbaijan","2000","Male","232",""
"Azerbaijan","2000","Female","122",""
"Azerbaijan","2000","Both sexes","176",""
"Azerbaijan","1990","Male","289",""
"Azerbaijan","1990","Female","162",""
"Azerbaijan","1990","Both sexes","225",""
"Bahamas","2012","Male","153",""
"Bahamas","2012","Female","100",""
"Bahamas","2012","Both sexes","126",""
"Bahamas","2000","Male","217",""
"Bahamas","2000","Female","137",""
"Bahamas","2000","Both sexes","176",""
"Bahamas","1990","Male","193",""
"Bahamas","1990","Female","120",""
"Bahamas","1990","Both sexes","155",""
"Bahrain","2012","Male","70",""
"Bahrain","2012","Female","55",""
"Bahrain","2012","Both sexes","65",""
"Bahrain","2000","Male","104",""
"Bahrain","2000","Female","83",""
"Bahrain","2000","Both sexes","96",""
"Bahrain","1990","Male","117",""
"Bahrain","1990","Female","103",""
"Bahrain","1990","Both sexes","112",""
"Bangladesh","2012","Male","159",""
"Bangladesh","2012","Female","129",""
"Bangladesh","2012","Both sexes","145",""
"Bangladesh","2000","Male","179",""
"Bangladesh","2000","Female","172",""
"Bangladesh","2000","Both sexes","176",""
"Bangladesh","1990","Male","195",""
"Bangladesh","1990","Female","212",""
"Bangladesh","1990","Both sexes","203",""
"Barbados","2012","Male","118",""
"Barbados","2012","Female","66",""
"Barbados","2012","Both sexes","93",""
"Barbados","2000","Male","175",""
"Barbados","2000","Female","105",""
"Barbados","2000","Both sexes","140",""
"Barbados","1990","Male","188",""
"Barbados","1990","Female","109",""
"Barbados","1990","Both sexes","146",""
"Belarus","2012","Male","287",""
"Belarus","2012","Female","98",""
"Belarus","2012","Both sexes","192",""
"Belarus","2000","Male","355",""
"Belarus","2000","Female","125",""
"Belarus","2000","Both sexes","242",""
"Belarus","1990","Male","283",""
"Belarus","1990","Female","107",""
"Belarus","1990","Both sexes","195",""
"Belgium","2012","Male","99",""
"Belgium","2012","Female","57",""
"Belgium","2012","Both sexes","78",""
"Belgium","2000","Male","130",""
"Belgium","2000","Female","68",""
"Belgium","2000","Both sexes","100",""
"Belgium","1990","Male","139",""
"Belgium","1990","Female","75",""
"Belgium","1990","Both sexes","107",""
"Belize","2012","Male","160",""
"Belize","2012","Female","86",""
"Belize","2012","Both sexes","124",""
"Belize","2000","Male","204",""
"Belize","2000","Female","107",""
"Belize","2000","Both sexes","157",""
"Belize","1990","Male","162",""
"Belize","1990","Female","104",""
"Belize","1990","Both sexes","133",""
"Benin","2012","Male","284",""
"Benin","2012","Female","240",""
"Benin","2012","Both sexes","262",""
"Benin","2000","Male","335",""
"Benin","2000","Female","279",""
"Benin","2000","Both sexes","305",""
"Benin","1990","Male","318",""
"Benin","1990","Female","246",""
"Benin","1990","Both sexes","279",""
"Bhutan","2012","Male","221",""
"Bhutan","2012","Female","217",""
"Bhutan","2012","Both sexes","220",""
"Bhutan","2000","Male","304",""
"Bhutan","2000","Female","322",""
"Bhutan","2000","Both sexes","313",""
"Bhutan","1990","Male","381",""
"Bhutan","1990","Female","403",""
"Bhutan","1990","Both sexes","392",""
"Bolivia (Plurinational State of)","2012","Male","238",""
"Bolivia (Plurinational State of)","2012","Female","175",""
"Bolivia (Plurinational State of)","2012","Both sexes","206",""
"Bolivia (Plurinational State of)","2000","Male","273",""
"Bolivia (Plurinational State of)","2000","Female","208",""
"Bolivia (Plurinational State of)","2000","Both sexes","240",""
"Bolivia (Plurinational State of)","1990","Male","299",""
"Bolivia (Plurinational State of)","1990","Female","245",""
"Bolivia (Plurinational State of)","1990","Both sexes","272",""
"Bosnia and Herzegovina","2012","Male","140",""
"Bosnia and Herzegovina","2012","Female","65",""
"Bosnia and Herzegovina","2012","Both sexes","102",""
"Bosnia and Herzegovina","2000","Male","163",""
"Bosnia and Herzegovina","2000","Female","79",""
"Bosnia and Herzegovina","2000","Both sexes","119",""
"Bosnia and Herzegovina","1990","Male","181",""
"Bosnia and Herzegovina","1990","Female","86",""
"Bosnia and Herzegovina","1990","Both sexes","134",""
"Botswana","2012","Male","370",""
"Botswana","2012","Female","327",""
"Botswana","2012","Both sexes","347",""
"Botswana","2000","Male","646",""
"Botswana","2000","Female","674",""
"Botswana","2000","Both sexes","660",""
"Botswana","1990","Male","243",""
"Botswana","1990","Female","242",""
"Botswana","1990","Both sexes","243",""
"Brazil","2012","Male","210",""
"Brazil","2012","Female","107",""
"Brazil","2012","Both sexes","159",""
"Brazil","2000","Male","239",""
"Brazil","2000","Female","126",""
"Brazil","2000","Both sexes","183",""
"Brazil","1990","Male","272",""
"Brazil","1990","Female","150",""
"Brazil","1990","Both sexes","212",""
"Brunei Darussalam","2012","Male","104",""
"Brunei Darussalam","2012","Female","71",""
"Brunei Darussalam","2012","Both sexes","88",""
"Brunei Darussalam","2000","Male","115",""
"Brunei Darussalam","2000","Female","83",""
"Brunei Darussalam","2000","Both sexes","100",""
"Brunei Darussalam","1990","Male","151",""
"Brunei Darussalam","1990","Female","112",""
"Brunei Darussalam","1990","Both sexes","133",""
"Bulgaria","2012","Male","188",""
"Bulgaria","2012","Female","83",""
"Bulgaria","2012","Both sexes","137",""
"Bulgaria","2000","Male","223",""
"Bulgaria","2000","Female","97",""
"Bulgaria","2000","Both sexes","161",""
"Bulgaria","1990","Male","217",""
"Bulgaria","1990","Female","97",""
"Bulgaria","1990","Both sexes","158",""
"Burkina Faso","2012","Male","301",""
"Burkina Faso","2012","Female","259",""
"Burkina Faso","2012","Both sexes","278",""
"Burkina Faso","2000","Male","400",""
"Burkina Faso","2000","Female","365",""
"Burkina Faso","2000","Both sexes","380",""
"Burkina Faso","1990","Male","371",""
"Burkina Faso","1990","Female","313",""
"Burkina Faso","1990","Both sexes","339",""
"Burundi","2012","Male","370",""
"Burundi","2012","Female","313",""
"Burundi","2012","Both sexes","342",""
"Burundi","2000","Male","504",""
"Burundi","2000","Female","425",""
"Burundi","2000","Both sexes","465",""
"Burundi","1990","Male","417",""
"Burundi","1990","Female","356",""
"Burundi","1990","Both sexes","385",""
"Cabo Verde","2012","Male","149",""
"Cabo Verde","2012","Female","70",""
"Cabo Verde","2012","Both sexes","107",""
"Cabo Verde","2000","Male","211",""
"Cabo Verde","2000","Female","114",""
"Cabo Verde","2000","Both sexes","157",""
"Cabo Verde","1990","Male","240",""
"Cabo Verde","1990","Female","167",""
"Cabo Verde","1990","Both sexes","197",""
"Cambodia","2012","Male","212",""
"Cambodia","2012","Female","161",""
"Cambodia","2012","Both sexes","185",""
"Cambodia","2000","Male","307",""
"Cambodia","2000","Female","240",""
"Cambodia","2000","Both sexes","271",""
"Cambodia","1990","Male","400",""
"Cambodia","1990","Female","317",""
"Cambodia","1990","Both sexes","358",""
"Cameroon","2012","Male","371",""
"Cameroon","2012","Female","349",""
"Cameroon","2012","Both sexes","360",""
"Cameroon","2000","Male","398",""
"Cameroon","2000","Female","375",""
"Cameroon","2000","Both sexes","386",""
"Cameroon","1990","Male","340",""
"Cameroon","1990","Female","287",""
"Cameroon","1990","Both sexes","313",""
"Canada","2012","Male","83",""
"Canada","2012","Female","52",""
"Canada","2012","Both sexes","68",""
"Canada","2000","Male","100",""
"Canada","2000","Female","61",""
"Canada","2000","Both sexes","81",""
"Canada","1990","Male","132",""
"Canada","1990","Female","71",""
"Canada","1990","Both sexes","102",""
"Central African Republic","2012","Male","445",""
"Central African Republic","2012","Female","430",""
"Central African Republic","2012","Both sexes","437",""
"Central African Republic","2000","Male","531",""
"Central African Republic","2000","Female","516",""
"Central African Republic","2000","Both sexes","523",""
"Central African Republic","1990","Male","447",""
"Central African Republic","1990","Female","376",""
"Central African Republic","1990","Both sexes","411",""
"Chad","2012","Male","413",""
"Chad","2012","Female","385",""
"Chad","2012","Both sexes","398",""
"Chad","2000","Male","483",""
"Chad","2000","Female","442",""
"Chad","2000","Both sexes","462",""
"Chad","1990","Male","501",""
"Chad","1990","Female","401",""
"Chad","1990","Both sexes","452",""
"Chile","2012","Male","110",""
"Chile","2012","Female","56",""
"Chile","2012","Both sexes","84",""
"Chile","2000","Male","137",""
"Chile","2000","Female","69",""
"Chile","2000","Both sexes","103",""
"Chile","1990","Male","196",""
"Chile","1990","Female","98",""
"Chile","1990","Both sexes","147",""
"China","2012","Male","106",""
"China","2012","Female","79",""
"China","2012","Both sexes","93",""
"China","2000","Male","150",""
"China","2000","Female","106",""
"China","2000","Both sexes","129",""
"China","1990","Male","173",""
"China","1990","Female","127",""
"China","1990","Both sexes","151",""
"Colombia","2012","Male","147",""
"Colombia","2012","Female","74",""
"Colombia","2012","Both sexes","110",""
"Colombia","2000","Male","225",""
"Colombia","2000","Female","100",""
"Colombia","2000","Both sexes","163",""
"Colombia","1990","Male","230",""
"Colombia","1990","Female","115",""
"Colombia","1990","Both sexes","173",""
"Comoros","2012","Male","283",""
"Comoros","2012","Female","236",""
"Comoros","2012","Both sexes","260",""
"Comoros","2000","Male","317",""
"Comoros","2000","Female","263",""
"Comoros","2000","Both sexes","290",""
"Comoros","1990","Male","347",""
"Comoros","1990","Female","283",""
"Comoros","1990","Both sexes","315",""
"Congo","2012","Male","325",""
"Congo","2012","Female","284",""
"Congo","2012","Both sexes","305",""
"Congo","2000","Male","430",""
"Congo","2000","Female","422",""
"Congo","2000","Both sexes","426",""
"Congo","1990","Male","379",""
"Congo","1990","Female","325",""
"Congo","1990","Both sexes","352",""
"Cook Islands","2012","Male","166",""
"Cook Islands","2012","Female","74",""
"Cook Islands","2012","Both sexes","122",""
"Cook Islands","2000","Male","177",""
"Cook Islands","2000","Female","113",""
"Cook Islands","2000","Both sexes","147",""
"Cook Islands","1990","Male","253",""
"Cook Islands","1990","Female","155",""
"Cook Islands","1990","Both sexes","207",""
"Costa Rica","2012","Male","113",""
"Costa Rica","2012","Female","65",""
"Costa Rica","2012","Both sexes","90",""
"Costa Rica","2000","Male","124",""
"Costa Rica","2000","Female","75",""
"Costa Rica","2000","Both sexes","100",""
"Costa Rica","1990","Male","129",""
"Costa Rica","1990","Female","86",""
"Costa Rica","1990","Both sexes","108",""
"Côte d’Ivoire","2012","Male","409",""
"Côte d’Ivoire","2012","Female","396",""
"Côte d’Ivoire","2012","Both sexes","404",""
"Côte d’Ivoire","2000","Male","492",""
"Côte d’Ivoire","2000","Female","480",""
"Côte d’Ivoire","2000","Both sexes","487",""
"Côte d’Ivoire","1990","Male","412",""
"Côte d’Ivoire","1990","Female","351",""
"Côte d’Ivoire","1990","Both sexes","386",""
"Croatia","2012","Male","143",""
"Croatia","2012","Female","60",""
"Croatia","2012","Both sexes","102",""
"Croatia","2000","Male","184",""
"Croatia","2000","Female","76",""
"Croatia","2000","Both sexes","130",""
"Croatia","1990","Male","224",""
"Croatia","1990","Female","89",""
"Croatia","1990","Both sexes","158",""
"Cuba","2012","Male","124",""
"Cuba","2012","Female","74",""
"Cuba","2012","Both sexes","100",""
"Cuba","2000","Male","145",""
"Cuba","2000","Female","97",""
"Cuba","2000","Both sexes","121",""
"Cuba","1990","Male","155",""
"Cuba","1990","Female","111",""
"Cuba","1990","Both sexes","133",""
"Cyprus","2012","Male","77",""
"Cyprus","2012","Female","36",""
"Cyprus","2012","Both sexes","57",""
"Cyprus","2000","Male","107",""
"Cyprus","2000","Female","56",""
"Cyprus","2000","Both sexes","83",""
"Cyprus","1990","Male","110",""
"Cyprus","1990","Female","61",""
"Cyprus","1990","Both sexes","86",""
"Czech Republic","2012","Male","126",""
"Czech Republic","2012","Female","58",""
"Czech Republic","2012","Both sexes","93",""
"Czech Republic","2000","Male","172",""
"Czech Republic","2000","Female","76",""
"Czech Republic","2000","Both sexes","125",""
"Czech Republic","1990","Male","230",""
"Czech Republic","1990","Female","95",""
"Czech Republic","1990","Both sexes","163",""
"Democratic People's Republic of Korea","2012","Male","188",""
"Democratic People's Republic of Korea","2012","Female","115",""
"Democratic People's Republic of Korea","2012","Both sexes","151",""
"Democratic People's Republic of Korea","2000","Male","255",""
"Democratic People's Republic of Korea","2000","Female","145",""
"Democratic People's Republic of Korea","2000","Both sexes","200",""
"Democratic People's Republic of Korea","1990","Male","168",""
"Democratic People's Republic of Korea","1990","Female","105",""
"Democratic People's Republic of Korea","1990","Both sexes","134",""
"Democratic Republic of the Congo","2012","Male","382",""
"Democratic Republic of the Congo","2012","Female","323",""
"Democratic Republic of the Congo","2012","Both sexes","352",""
"Democratic Republic of the Congo","2000","Male","417",""
"Democratic Republic of the Congo","2000","Female","359",""
"Democratic Republic of the Congo","2000","Both sexes","388",""
"Democratic Republic of the Congo","1990","Male","401",""
"Democratic Republic of the Congo","1990","Female","345",""
"Democratic Republic of the Congo","1990","Both sexes","372",""
"Denmark","2012","Male","102",""
"Denmark","2012","Female","61",""
"Denmark","2012","Both sexes","82",""
"Denmark","2000","Male","122",""
"Denmark","2000","Female","77",""
"Denmark","2000","Both sexes","100",""
"Denmark","1990","Male","152",""
"Denmark","1990","Female","99",""
"Denmark","1990","Both sexes","126",""
"Djibouti","2012","Male","293",""
"Djibouti","2012","Female","250",""
"Djibouti","2012","Both sexes","272",""
"Djibouti","2000","Male","366",""
"Djibouti","2000","Female","298",""
"Djibouti","2000","Both sexes","333",""
"Djibouti","1990","Male","324",""
"Djibouti","1990","Female","269",""
"Djibouti","1990","Both sexes","296",""
"Dominica","2012","Male","225",""
"Dominica","2012","Female","118",""
"Dominica","2012","Both sexes","172",""
"Dominica","2000","Male","189",""
"Dominica","2000","Female","116",""
"Dominica","2000","Both sexes","153",""
"Dominica","1990","Male","194",""
"Dominica","1990","Female","145",""
"Dominica","1990","Both sexes","170",""
"Dominican Republic","2012","Male","137",""
"Dominican Republic","2012","Female","93",""
"Dominican Republic","2012","Both sexes","115",""
"Dominican Republic","2000","Male","171",""
"Dominican Republic","2000","Female","129",""
"Dominican Republic","2000","Both sexes","150",""
"Dominican Republic","1990","Male","183",""
"Dominican Republic","1990","Female","156",""
"Dominican Republic","1990","Both sexes","170",""
"Ecuador","2012","Male","159",""
"Ecuador","2012","Female","87",""
"Ecuador","2012","Both sexes","124",""
"Ecuador","2000","Male","192",""
"Ecuador","2000","Female","113",""
"Ecuador","2000","Both sexes","154",""
"Ecuador","1990","Male","219",""
"Ecuador","1990","Female","141",""
"Ecuador","1990","Both sexes","181",""
"Egypt","2012","Male","196",""
"Egypt","2012","Female","120",""
"Egypt","2012","Both sexes","159",""
"Egypt","2000","Male","218",""
"Egypt","2000","Female","136",""
"Egypt","2000","Both sexes","177",""
"Egypt","1990","Male","232",""
"Egypt","1990","Female","145",""
"Egypt","1990","Both sexes","189",""
"El Salvador","2012","Male","294",""
"El Salvador","2012","Female","138",""
"El Salvador","2012","Both sexes","211",""
"El Salvador","2000","Male","287",""
"El Salvador","2000","Female","142",""
"El Salvador","2000","Both sexes","211",""
"El Salvador","1990","Male","330",""
"El Salvador","1990","Female","162",""
"El Salvador","1990","Both sexes","245",""
"Equatorial Guinea","2012","Male","379",""
"Equatorial Guinea","2012","Female","336",""
"Equatorial Guinea","2012","Both sexes","360",""
"Equatorial Guinea","2000","Male","414",""
"Equatorial Guinea","2000","Female","374",""
"Equatorial Guinea","2000","Both sexes","396",""
"Equatorial Guinea","1990","Male","411",""
"Equatorial Guinea","1990","Female","353",""
"Equatorial Guinea","1990","Both sexes","384",""
"Eritrea","2012","Male","313",""
"Eritrea","2012","Female","245",""
"Eritrea","2012","Both sexes","278",""
"Eritrea","2000","Male","735",""
"Eritrea","2000","Female","426",""
"Eritrea","2000","Both sexes","605",""
"Eritrea","1990","Male","534",""
"Eritrea","1990","Female","447",""
"Eritrea","1990","Both sexes","490",""
"Estonia","2012","Male","199",""
"Estonia","2012","Female","68",""
"Estonia","2012","Both sexes","133",""
"Estonia","2000","Male","319",""
"Estonia","2000","Female","121",""
"Estonia","2000","Both sexes","219",""
"Estonia","1990","Male","301",""
"Estonia","1990","Female","107",""
"Estonia","1990","Both sexes","204",""
"Ethiopia","2012","Male","250",""
"Ethiopia","2012","Female","212",""
"Ethiopia","2012","Both sexes","231",""
"Ethiopia","2000","Male","411",""
"Ethiopia","2000","Female","361",""
"Ethiopia","2000","Both sexes","386",""
"Ethiopia","1990","Male","478",""
"Ethiopia","1990","Female","366",""
"Ethiopia","1990","Both sexes","424",""
"Fiji","2012","Male","242",""
"Fiji","2012","Female","146",""
"Fiji","2012","Both sexes","196",""
"Fiji","2000","Male","265",""
"Fiji","2000","Female","177",""
"Fiji","2000","Both sexes","222",""
"Fiji","1990","Male","266",""
"Fiji","1990","Female","194",""
"Fiji","1990","Both sexes","231",""
"Finland","2012","Male","108",""
"Finland","2012","Female","51",""
"Finland","2012","Both sexes","80",""
"Finland","2000","Male","143",""
"Finland","2000","Female","63",""
"Finland","2000","Both sexes","104",""
"Finland","1990","Male","183",""
"Finland","1990","Female","70",""
"Finland","1990","Both sexes","128",""
"France","2012","Male","109",""
"France","2012","Female","52",""
"France","2012","Both sexes","80",""
"France","2000","Male","138",""
"France","2000","Female","61",""
"France","2000","Both sexes","100",""
"France","1990","Male","162",""
"France","1990","Female","67",""
"France","1990","Both sexes","115",""
"Gabon","2012","Male","285",""
"Gabon","2012","Female","273",""
"Gabon","2012","Both sexes","279",""
"Gabon","2000","Male","326",""
"Gabon","2000","Female","313",""
"Gabon","2000","Both sexes","319",""
"Gabon","1990","Male","267",""
"Gabon","1990","Female","221",""
"Gabon","1990","Both sexes","243",""
"Gambia","2012","Male","296",""
"Gambia","2012","Female","244",""
"Gambia","2012","Both sexes","270",""
"Gambia","2000","Male","323",""
"Gambia","2000","Female","280",""
"Gambia","2000","Both sexes","303",""
"Gambia","1990","Male","348",""
"Gambia","1990","Female","300",""
"Gambia","1990","Both sexes","326",""
"Georgia","2012","Male","176",""
"Georgia","2012","Female","66",""
"Georgia","2012","Both sexes","119",""
"Georgia","2000","Male","201",""
"Georgia","2000","Female","78",""
"Georgia","2000","Both sexes","138",""
"Georgia","1990","Male","217",""
"Georgia","1990","Female","86",""
"Georgia","1990","Both sexes","150",""
"Germany","2012","Male","94",""
"Germany","2012","Female","50",""
"Germany","2012","Both sexes","72",""
"Germany","2000","Male","124",""
"Germany","2000","Female","63",""
"Germany","2000","Both sexes","94",""
"Germany","1990","Male","157",""
"Germany","1990","Female","77",""
"Germany","1990","Both sexes","119",""
"Ghana","2012","Male","263",""
"Ghana","2012","Female","227",""
"Ghana","2012","Both sexes","244",""
"Ghana","2000","Male","309",""
"Ghana","2000","Female","285",""
"Ghana","2000","Both sexes","297",""
"Ghana","1990","Male","299",""
"Ghana","1990","Female","260",""
"Ghana","1990","Both sexes","280",""
"Greece","2012","Male","105",""
"Greece","2012","Female","46",""
"Greece","2012","Both sexes","76",""
"Greece","2000","Male","116",""
"Greece","2000","Female","48",""
"Greece","2000","Both sexes","82",""
"Greece","1990","Male","117",""
"Greece","1990","Female","56",""
"Greece","1990","Both sexes","87",""
"Grenada","2012","Male","195",""
"Grenada","2012","Female","121",""
"Grenada","2012","Both sexes","159",""
"Grenada","2000","Male","213",""
"Grenada","2000","Female","123",""
"Grenada","2000","Both sexes","167",""
"Grenada","1990","Male","215",""
"Grenada","1990","Female","150",""
"Grenada","1990","Both sexes","182",""
"Guatemala","2012","Male","240",""
"Guatemala","2012","Female","129",""
"Guatemala","2012","Both sexes","182",""
"Guatemala","2000","Male","279",""
"Guatemala","2000","Female","156",""
"Guatemala","2000","Both sexes","217",""
"Guatemala","1990","Male","320",""
"Guatemala","1990","Female","205",""
"Guatemala","1990","Both sexes","265",""
"Guinea","2012","Male","306",""
"Guinea","2012","Female","277",""
"Guinea","2012","Both sexes","291",""
"Guinea","2000","Male","359",""
"Guinea","2000","Female","329",""
"Guinea","2000","Both sexes","344",""
"Guinea","1990","Male","355",""
"Guinea","1990","Female","307",""
"Guinea","1990","Both sexes","331",""
"Guinea-Bissau","2012","Male","354",""
"Guinea-Bissau","2012","Female","307",""
"Guinea-Bissau","2012","Both sexes","330",""
"Guinea-Bissau","2000","Male","333",""
"Guinea-Bissau","2000","Female","301",""
"Guinea-Bissau","2000","Both sexes","317",""
"Guinea-Bissau","1990","Male","365",""
"Guinea-Bissau","1990","Female","286",""
"Guinea-Bissau","1990","Both sexes","326",""
"Guyana","2012","Male","379",""
"Guyana","2012","Female","259",""
"Guyana","2012","Both sexes","323",""
"Guyana","2000","Male","341",""
"Guyana","2000","Female","229",""
"Guyana","2000","Both sexes","287",""
"Guyana","1990","Male","372",""
"Guyana","1990","Female","231",""
"Guyana","1990","Both sexes","304",""
"Haiti","2012","Male","268",""
"Haiti","2012","Female","227",""
"Haiti","2012","Both sexes","247",""
"Haiti","2000","Male","353",""
"Haiti","2000","Female","318",""
"Haiti","2000","Both sexes","335",""
"Haiti","1990","Male","352",""
"Haiti","1990","Female","299",""
"Haiti","1990","Both sexes","325",""
"Honduras","2012","Male","176",""
"Honduras","2012","Female","122",""
"Honduras","2012","Both sexes","149",""
"Honduras","2000","Male","202",""
"Honduras","2000","Female","149",""
"Honduras","2000","Both sexes","176",""
"Honduras","1990","Male","239",""
"Honduras","1990","Female","179",""
"Honduras","1990","Both sexes","210",""
"Hungary","2012","Male","203",""
"Hungary","2012","Female","92",""
"Hungary","2012","Both sexes","147",""
"Hungary","2000","Male","271",""
"Hungary","2000","Female","114",""
"Hungary","2000","Both sexes","193",""
"Hungary","1990","Male","305",""
"Hungary","1990","Female","133",""
"Hungary","1990","Both sexes","219",""
"Iceland","2012","Male","67",""
"Iceland","2012","Female","34",""
"Iceland","2012","Both sexes","51",""
"Iceland","2000","Male","92",""
"Iceland","2000","Female","57",""
"Iceland","2000","Both sexes","75",""
"Iceland","1990","Male","112",""
"Iceland","1990","Female","69",""
"Iceland","1990","Both sexes","91",""
"India","2012","Male","242",""
"India","2012","Female","160",""
"India","2012","Both sexes","203",""
"India","2000","Male","271",""
"India","2000","Female","204",""
"India","2000","Both sexes","239",""
"India","1990","Male","288",""
"India","1990","Female","242",""
"India","1990","Both sexes","266",""
"Indonesia","2012","Male","178",""
"Indonesia","2012","Female","124",""
"Indonesia","2012","Both sexes","152",""
"Indonesia","2000","Male","221",""
"Indonesia","2000","Female","162",""
"Indonesia","2000","Both sexes","191",""
"Indonesia","1990","Male","266",""
"Indonesia","1990","Female","204",""
"Indonesia","1990","Both sexes","235",""
"Iran (Islamic Republic of)","2012","Male","156",""
"Iran (Islamic Republic of)","2012","Female","84",""
"Iran (Islamic Republic of)","2012","Both sexes","121",""
"Iran (Islamic Republic of)","2000","Male","178",""
"Iran (Islamic Republic of)","2000","Female","131",""
"Iran (Islamic Republic of)","2000","Both sexes","155",""
"Iran (Islamic Republic of)","1990","Male","239",""
"Iran (Islamic Republic of)","1990","Female","217",""
"Iran (Islamic Republic of)","1990","Both sexes","229",""
"Iraq","2012","Male","223",""
"Iraq","2012","Female","107",""
"Iraq","2012","Both sexes","165",""
"Iraq","2000","Male","164",""
"Iraq","2000","Female","102",""
"Iraq","2000","Both sexes","133",""
"Iraq","1990","Male","170",""
"Iraq","1990","Female","117",""
"Iraq","1990","Both sexes","143",""
"Ireland","2012","Male","83",""
"Ireland","2012","Female","50",""
"Ireland","2012","Both sexes","67",""
"Ireland","2000","Male","120",""
"Ireland","2000","Female","70",""
"Ireland","2000","Both sexes","96",""
"Ireland","1990","Male","134",""
"Ireland","1990","Female","81",""
"Ireland","1990","Both sexes","108",""
"Israel","2012","Male","72",""
"Israel","2012","Female","39",""
"Israel","2012","Both sexes","55",""
"Israel","2000","Male","103",""
"Israel","2000","Female","55",""
"Israel","2000","Both sexes","79",""
"Israel","1990","Male","107",""
"Israel","1990","Female","71",""
"Israel","1990","Both sexes","89",""
"Italy","2012","Male","70",""
"Italy","2012","Female","39",""
"Italy","2012","Both sexes","55",""
"Italy","2000","Male","101",""
"Italy","2000","Female","51",""
"Italy","2000","Both sexes","76",""
"Italy","1990","Male","129",""
"Italy","1990","Female","60",""
"Italy","1990","Both sexes","95",""
"Jamaica","2012","Male","177",""
"Jamaica","2012","Female","107",""
"Jamaica","2012","Both sexes","142",""
"Jamaica","2000","Male","242",""
"Jamaica","2000","Female","140",""
"Jamaica","2000","Both sexes","192",""
"Jamaica","1990","Male","191",""
"Jamaica","1990","Female","122",""
"Jamaica","1990","Both sexes","157",""
"Japan","2012","Male","82",""
"Japan","2012","Female","43",""
"Japan","2012","Both sexes","63",""
"Japan","2000","Male","98",""
"Japan","2000","Female","48",""
"Japan","2000","Both sexes","73",""
"Japan","1990","Male","109",""
"Japan","1990","Female","53",""
"Japan","1990","Both sexes","81",""
"Jordan","2012","Male","132",""
"Jordan","2012","Female","97",""
"Jordan","2012","Both sexes","115",""
"Jordan","2000","Male","151",""
"Jordan","2000","Female","116",""
"Jordan","2000","Both sexes","134",""
"Jordan","1990","Male","175",""
"Jordan","1990","Female","135",""
"Jordan","1990","Both sexes","156",""
"Kazakhstan","2012","Male","324",""
"Kazakhstan","2012","Female","147",""
"Kazakhstan","2012","Both sexes","235",""
"Kazakhstan","2000","Male","422",""
"Kazakhstan","2000","Female","194",""
"Kazakhstan","2000","Both sexes","309",""
"Kazakhstan","1990","Male","318",""
"Kazakhstan","1990","Female","150",""
"Kazakhstan","1990","Both sexes","235",""
"Kenya","2012","Male","307",""
"Kenya","2012","Female","261",""
"Kenya","2012","Both sexes","284",""
"Kenya","2000","Male","458",""
"Kenya","2000","Female","419",""
"Kenya","2000","Both sexes","438",""
"Kenya","1990","Male","287",""
"Kenya","1990","Female","228",""
"Kenya","1990","Both sexes","258",""
"Kiribati","2012","Male","210",""
"Kiribati","2012","Female","138",""
"Kiribati","2012","Both sexes","176",""
"Kiribati","2000","Male","255",""
"Kiribati","2000","Female","180",""
"Kiribati","2000","Both sexes","219",""
"Kiribati","1990","Male","299",""
"Kiribati","1990","Female","222",""
"Kiribati","1990","Both sexes","264",""
"Kuwait","2012","Male","59",""
"Kuwait","2012","Female","43",""
"Kuwait","2012","Both sexes","53",""
"Kuwait","2000","Male","86",""
"Kuwait","2000","Female","63",""
"Kuwait","2000","Both sexes","77",""
"Kuwait","1990","Male","128",""
"Kuwait","1990","Female","81",""
"Kuwait","1990","Both sexes","108",""
"Kyrgyzstan","2012","Male","275",""
"Kyrgyzstan","2012","Female","131",""
"Kyrgyzstan","2012","Both sexes","203",""
"Kyrgyzstan","2000","Male","317",""
"Kyrgyzstan","2000","Female","164",""
"Kyrgyzstan","2000","Both sexes","242",""
"Kyrgyzstan","1990","Male","291",""
"Kyrgyzstan","1990","Female","156",""
"Kyrgyzstan","1990","Both sexes","224",""
"Lao People's Democratic Republic","2012","Male","202",""
"Lao People's Democratic Republic","2012","Female","163",""
"Lao People's Democratic Republic","2012","Both sexes","182",""
"Lao People's Democratic Republic","2000","Male","273",""
"Lao People's Democratic Republic","2000","Female","230",""
"Lao People's Democratic Republic","2000","Both sexes","250",""
"Lao People's Democratic Republic","1990","Male","358",""
"Lao People's Democratic Republic","1990","Female","309",""
"Lao People's Democratic Republic","1990","Both sexes","333",""
"Latvia","2012","Male","226",""
"Latvia","2012","Female","86",""
"Latvia","2012","Both sexes","154",""
"Latvia","2000","Male","321",""
"Latvia","2000","Female","117",""
"Latvia","2000","Both sexes","218",""
"Latvia","1990","Male","311",""
"Latvia","1990","Female","118",""
"Latvia","1990","Both sexes","215",""
"Lebanon","2012","Male","72",""
"Lebanon","2012","Female","47",""
"Lebanon","2012","Both sexes","61",""
"Lebanon","2000","Male","124",""
"Lebanon","2000","Female","91",""
"Lebanon","2000","Both sexes","107",""
"Lebanon","1990","Male","280",""
"Lebanon","1990","Female","150",""
"Lebanon","1990","Both sexes","214",""
"Lesotho","2012","Male","560",""
"Lesotho","2012","Female","503",""
"Lesotho","2012","Both sexes","528",""
"Lesotho","2000","Male","592",""
"Lesotho","2000","Female","561",""
"Lesotho","2000","Both sexes","574",""
"Lesotho","1990","Male","297",""
"Lesotho","1990","Female","247",""
"Lesotho","1990","Both sexes","270",""
"Liberia","2012","Male","282",""
"Liberia","2012","Female","246",""
"Liberia","2012","Both sexes","263",""
"Liberia","2000","Male","375",""
"Liberia","2000","Female","336",""
"Liberia","2000","Both sexes","355",""
"Liberia","1990","Male","544",""
"Liberia","1990","Female","376",""
"Liberia","1990","Both sexes","465",""
"Libya","2012","Male","119",""
"Libya","2012","Female","81",""
"Libya","2012","Both sexes","101",""
"Libya","2000","Male","153",""
"Libya","2000","Female","111",""
"Libya","2000","Both sexes","134",""
"Libya","1990","Male","194",""
"Libya","1990","Female","142",""
"Libya","1990","Both sexes","171",""
"Lithuania","2012","Male","266",""
"Lithuania","2012","Female","93",""
"Lithuania","2012","Both sexes","179",""
"Lithuania","2000","Male","293",""
"Lithuania","2000","Female","103",""
"Lithuania","2000","Both sexes","198",""
"Lithuania","1990","Male","288",""
"Lithuania","1990","Female","107",""
"Lithuania","1990","Both sexes","196",""
"Luxembourg","2012","Male","81",""
"Luxembourg","2012","Female","51",""
"Luxembourg","2012","Both sexes","66",""
"Luxembourg","2000","Male","121",""
"Luxembourg","2000","Female","67",""
"Luxembourg","2000","Both sexes","95",""
"Luxembourg","1990","Male","160",""
"Luxembourg","1990","Female","79",""
"Luxembourg","1990","Both sexes","121",""
"Madagascar","2012","Male","263",""
"Madagascar","2012","Female","213",""
"Madagascar","2012","Both sexes","238",""
"Madagascar","2000","Male","302",""
"Madagascar","2000","Female","268",""
"Madagascar","2000","Both sexes","284",""
"Madagascar","1990","Male","370",""
"Madagascar","1990","Female","320",""
"Madagascar","1990","Both sexes","345",""
"Malawi","2012","Male","376",""
"Malawi","2012","Female","330",""
"Malawi","2012","Both sexes","352",""
"Malawi","2000","Male","584",""
"Malawi","2000","Female","605",""
"Malawi","2000","Both sexes","595",""
"Malawi","1990","Male","467",""
"Malawi","1990","Female","407",""
"Malawi","1990","Both sexes","436",""
"Malaysia","2012","Male","172",""
"Malaysia","2012","Female","89",""
"Malaysia","2012","Both sexes","130",""
"Malaysia","2000","Male","198",""
"Malaysia","2000","Female","112",""
"Malaysia","2000","Both sexes","157",""
"Malaysia","1990","Male","209",""
"Malaysia","1990","Female","129",""
"Malaysia","1990","Both sexes","170",""
"Maldives","2012","Male","91",""
"Maldives","2012","Female","59",""
"Maldives","2012","Both sexes","75",""
"Maldives","2000","Male","183",""
"Maldives","2000","Female","164",""
"Maldives","2000","Both sexes","173",""
"Maldives","1990","Male","259",""
"Maldives","1990","Female","327",""
"Maldives","1990","Both sexes","291",""
"Mali","2012","Male","282",""
"Mali","2012","Female","277",""
"Mali","2012","Both sexes","278",""
"Mali","2000","Male","364",""
"Mali","2000","Female","361",""
"Mali","2000","Both sexes","361",""
"Mali","1990","Male","348",""
"Mali","1990","Female","340",""
"Mali","1990","Both sexes","343",""
"Malta","2012","Male","77",""
"Malta","2012","Female","45",""
"Malta","2012","Both sexes","61",""
"Malta","2000","Male","88",""
"Malta","2000","Female","53",""
"Malta","2000","Both sexes","71",""
"Malta","1990","Male","108",""
"Malta","1990","Female","62",""
"Malta","1990","Both sexes","84",""
"Marshall Islands","2012","Male","155",""
"Marshall Islands","2012","Female","106",""
"Marshall Islands","2012","Both sexes","132",""
"Marshall Islands","2000","Male","211",""
"Marshall Islands","2000","Female","160",""
"Marshall Islands","2000","Both sexes","187",""
"Marshall Islands","1990","Male","268",""
"Marshall Islands","1990","Female","217",""
"Marshall Islands","1990","Both sexes","244",""
"Mauritania","2012","Male","235",""
"Mauritania","2012","Female","188",""
"Mauritania","2012","Both sexes","212",""
"Mauritania","2000","Male","257",""
"Mauritania","2000","Female","207",""
"Mauritania","2000","Both sexes","230",""
"Mauritania","1990","Male","270",""
"Mauritania","1990","Female","223",""
"Mauritania","1990","Both sexes","245",""
"Mauritius","2012","Male","204",""
"Mauritius","2012","Female","96",""
"Mauritius","2012","Both sexes","152",""
"Mauritius","2000","Male","222",""
"Mauritius","2000","Female","121",""
"Mauritius","2000","Both sexes","172",""
"Mauritius","1990","Male","264",""
"Mauritius","1990","Female","121",""
"Mauritius","1990","Both sexes","193",""
"Mexico","2012","Male","177",""
"Mexico","2012","Female","90",""
"Mexico","2012","Both sexes","132",""
"Mexico","2000","Male","177",""
"Mexico","2000","Female","100",""
"Mexico","2000","Both sexes","137",""
"Mexico","1990","Male","215",""
"Mexico","1990","Female","120",""
"Mexico","1990","Both sexes","168",""
"Micronesia (Federated States of)","2012","Male","182",""
"Micronesia (Federated States of)","2012","Female","155",""
"Micronesia (Federated States of)","2012","Both sexes","169",""
"Micronesia (Federated States of)","2000","Male","197",""
"Micronesia (Federated States of)","2000","Female","175",""
"Micronesia (Federated States of)","2000","Both sexes","186",""
"Micronesia (Federated States of)","1990","Male","210",""
"Micronesia (Federated States of)","1990","Female","187",""
"Micronesia (Federated States of)","1990","Both sexes","198",""
"Monaco","2012","Male","107",""
"Monaco","2012","Female","49",""
"Monaco","2012","Both sexes","78",""
"Monaco","2000","Male","136",""
"Monaco","2000","Female","61",""
"Monaco","2000","Both sexes","99",""
"Monaco","1990","Male","155",""
"Monaco","1990","Female","67",""
"Monaco","1990","Both sexes","112",""
"Mongolia","2012","Male","314",""
"Mongolia","2012","Female","150",""
"Mongolia","2012","Both sexes","233",""
"Mongolia","2000","Male","325",""
"Mongolia","2000","Female","218",""
"Mongolia","2000","Both sexes","273",""
"Mongolia","1990","Male","269",""
"Mongolia","1990","Female","183",""
"Mongolia","1990","Both sexes","226",""
"Montenegro","2012","Male","152",""
"Montenegro","2012","Female","80",""
"Montenegro","2012","Both sexes","117",""
"Montenegro","2000","Male","179",""
"Montenegro","2000","Female","98",""
"Montenegro","2000","Both sexes","138",""
"Montenegro","1990","Male","165",""
"Montenegro","1990","Female","73",""
"Montenegro","1990","Both sexes","119",""
"Morocco","2012","Male","172",""
"Morocco","2012","Female","124",""
"Morocco","2012","Both sexes","148",""
"Morocco","2000","Male","192",""
"Morocco","2000","Female","145",""
"Morocco","2000","Both sexes","167",""
"Morocco","1990","Male","224",""
"Morocco","1990","Female","172",""
"Morocco","1990","Both sexes","197",""
"Mozambique","2012","Male","466",""
"Mozambique","2012","Female","453",""
"Mozambique","2012","Both sexes","459",""
"Mozambique","2000","Male","483",""
"Mozambique","2000","Female","438",""
"Mozambique","2000","Both sexes","459",""
"Mozambique","1990","Male","459",""
"Mozambique","1990","Female","384",""
"Mozambique","1990","Both sexes","419",""
"Myanmar","2012","Male","242",""
"Myanmar","2012","Female","184",""
"Myanmar","2012","Both sexes","212",""
"Myanmar","2000","Male","276",""
"Myanmar","2000","Female","215",""
"Myanmar","2000","Both sexes","245",""
"Myanmar","1990","Male","316",""
"Myanmar","1990","Female","248",""
"Myanmar","1990","Both sexes","281",""
"Namibia","2012","Male","293",""
"Namibia","2012","Female","204",""
"Namibia","2012","Both sexes","246",""
"Namibia","2000","Male","411",""
"Namibia","2000","Female","418",""
"Namibia","2000","Both sexes","414",""
"Namibia","1990","Male","268",""
"Namibia","1990","Female","230",""
"Namibia","1990","Both sexes","248",""
"Nauru","2012","Male","90",""
"Nauru","2012","Female","45",""
"Nauru","2012","Both sexes","69",""
"Nauru","2000","Male","114",""
"Nauru","2000","Female","56",""
"Nauru","2000","Both sexes","86",""
"Nauru","1990","Male","154",""
"Nauru","1990","Female","78",""
"Nauru","1990","Both sexes","119",""
"Nepal","2012","Male","197",""
"Nepal","2012","Female","164",""
"Nepal","2012","Both sexes","180",""
"Nepal","2000","Male","264",""
"Nepal","2000","Female","229",""
"Nepal","2000","Both sexes","246",""
"Nepal","1990","Male","340",""
"Nepal","1990","Female","308",""
"Nepal","1990","Both sexes","324",""
"Netherlands","2012","Male","72",""
"Netherlands","2012","Female","54",""
"Netherlands","2012","Both sexes","63",""
"Netherlands","2000","Male","100",""
"Netherlands","2000","Female","67",""
"Netherlands","2000","Both sexes","84",""
"Netherlands","1990","Male","116",""
"Netherlands","1990","Female","67",""
"Netherlands","1990","Both sexes","92",""
"New Zealand","2012","Male","81",""
"New Zealand","2012","Female","53",""
"New Zealand","2012","Both sexes","67",""
"New Zealand","2000","Male","105",""
"New Zealand","2000","Female","67",""
"New Zealand","2000","Both sexes","86",""
"New Zealand","1990","Male","143",""
"New Zealand","1990","Female","93",""
"New Zealand","1990","Both sexes","118",""
"Nicaragua","2012","Male","204",""
"Nicaragua","2012","Female","118",""
"Nicaragua","2012","Both sexes","160",""
"Nicaragua","2000","Male","191",""
"Nicaragua","2000","Female","121",""
"Nicaragua","2000","Both sexes","156",""
"Nicaragua","1990","Male","171",""
"Nicaragua","1990","Female","122",""
"Nicaragua","1990","Both sexes","147",""
"Niger","2012","Male","257",""
"Niger","2012","Female","246",""
"Niger","2012","Both sexes","253",""
"Niger","2000","Male","288",""
"Niger","2000","Female","280",""
"Niger","2000","Both sexes","284",""
"Niger","1990","Male","317",""
"Niger","1990","Female","295",""
"Niger","1990","Both sexes","305",""
"Nigeria","2012","Male","371",""
"Nigeria","2012","Female","346",""
"Nigeria","2012","Both sexes","358",""
"Nigeria","2000","Male","414",""
"Nigeria","2000","Female","385",""
"Nigeria","2000","Both sexes","400",""
"Nigeria","1990","Male","408",""
"Nigeria","1990","Female","364",""
"Nigeria","1990","Both sexes","386",""
"Niue","2012","Male","166",""
"Niue","2012","Female","85",""
"Niue","2012","Both sexes","127",""
"Niue","2000","Male","195",""
"Niue","2000","Female","103",""
"Niue","2000","Both sexes","151",""
"Niue","1990","Male","222",""
"Niue","1990","Female","124",""
"Niue","1990","Both sexes","176",""
"Norway","2012","Male","73",""
"Norway","2012","Female","44",""
"Norway","2012","Both sexes","59",""
"Norway","2000","Male","107",""
"Norway","2000","Female","61",""
"Norway","2000","Both sexes","85",""
"Norway","1990","Male","128",""
"Norway","1990","Female","65",""
"Norway","1990","Both sexes","97",""
"Oman","2012","Male","119",""
"Oman","2012","Female","74",""
"Oman","2012","Both sexes","102",""
"Oman","2000","Male","162",""
"Oman","2000","Female","106",""
"Oman","2000","Both sexes","140",""
"Oman","1990","Male","215",""
"Oman","1990","Female","151",""
"Oman","1990","Both sexes","189",""
"Pakistan","2012","Male","190",""
"Pakistan","2012","Female","157",""
"Pakistan","2012","Both sexes","174",""
"Pakistan","2000","Male","204",""
"Pakistan","2000","Female","176",""
"Pakistan","2000","Both sexes","190",""
"Pakistan","1990","Male","220",""
"Pakistan","1990","Female","197",""
"Pakistan","1990","Both sexes","209",""
"Palau","2012","Male","159",""
"Palau","2012","Female","109",""
"Palau","2012","Both sexes","135",""
"Palau","2000","Male","211",""
"Palau","2000","Female","160",""
"Palau","2000","Both sexes","186",""
"Palau","1990","Male","268",""
"Palau","1990","Female","217",""
"Palau","1990","Both sexes","244",""
"Panama","2012","Male","152",""
"Panama","2012","Female","83",""
"Panama","2012","Both sexes","118",""
"Panama","2000","Male","137",""
"Panama","2000","Female","83",""
"Panama","2000","Both sexes","110",""
"Panama","1990","Male","146",""
"Panama","1990","Female","101",""
"Panama","1990","Both sexes","124",""
"Papua New Guinea","2012","Male","321",""
"Papua New Guinea","2012","Female","245",""
"Papua New Guinea","2012","Both sexes","283",""
"Papua New Guinea","2000","Male","379",""
"Papua New Guinea","2000","Female","296",""
"Papua New Guinea","2000","Both sexes","339",""
"Papua New Guinea","1990","Male","437",""
"Papua New Guinea","1990","Female","333",""
"Papua New Guinea","1990","Both sexes","389",""
"Paraguay","2012","Male","178",""
"Paraguay","2012","Female","97",""
"Paraguay","2012","Both sexes","139",""
"Paraguay","2000","Male","158",""
"Paraguay","2000","Female","103",""
"Paraguay","2000","Both sexes","132",""
"Paraguay","1990","Male","138",""
"Paraguay","1990","Female","99",""
"Paraguay","1990","Both sexes","119",""
"Peru","2012","Male","118",""
"Peru","2012","Female","91",""
"Peru","2012","Both sexes","105",""
"Peru","2000","Male","161",""
"Peru","2000","Female","119",""
"Peru","2000","Both sexes","140",""
"Peru","1990","Male","163",""
"Peru","1990","Female","123",""
"Peru","1990","Both sexes","143",""
"Philippines","2012","Male","258",""
"Philippines","2012","Female","138",""
"Philippines","2012","Both sexes","199",""
"Philippines","2000","Male","243",""
"Philippines","2000","Female","134",""
"Philippines","2000","Both sexes","189",""
"Philippines","1990","Male","272",""
"Philippines","1990","Female","154",""
"Philippines","1990","Both sexes","215",""
"Poland","2012","Male","180",""
"Poland","2012","Female","69",""
"Poland","2012","Both sexes","125",""
"Poland","2000","Male","216",""
"Poland","2000","Female","86",""
"Poland","2000","Both sexes","152",""
"Poland","1990","Male","263",""
"Poland","1990","Female","102",""
"Poland","1990","Both sexes","184",""
"Portugal","2012","Male","114",""
"Portugal","2012","Female","49",""
"Portugal","2012","Both sexes","81",""
"Portugal","2000","Male","155",""
"Portugal","2000","Female","66",""
"Portugal","2000","Both sexes","111",""
"Portugal","1990","Male","176",""
"Portugal","1990","Female","80",""
"Portugal","1990","Both sexes","127",""
"Qatar","2012","Male","73",""
"Qatar","2012","Female","51",""
"Qatar","2012","Both sexes","68",""
"Qatar","2000","Male","86",""
"Qatar","2000","Female","79",""
"Qatar","2000","Both sexes","83",""
"Qatar","1990","Male","94",""
"Qatar","1990","Female","82",""
"Qatar","1990","Both sexes","90",""
"Republic of Korea","2012","Male","98",""
"Republic of Korea","2012","Female","40",""
"Republic of Korea","2012","Both sexes","69",""
"Republic of Korea","2000","Male","163",""
"Republic of Korea","2000","Female","62",""
"Republic of Korea","2000","Both sexes","114",""
"Republic of Korea","1990","Male","237",""
"Republic of Korea","1990","Female","102",""
"Republic of Korea","1990","Both sexes","171",""
"Republic of Moldova","2012","Male","269",""
"Republic of Moldova","2012","Female","110",""
"Republic of Moldova","2012","Both sexes","189",""
"Republic of Moldova","2000","Male","311",""
"Republic of Moldova","2000","Female","155",""
"Republic of Moldova","2000","Both sexes","232",""
"Republic of Moldova","1990","Male","285",""
"Republic of Moldova","1990","Female","155",""
"Republic of Moldova","1990","Both sexes","218",""
"Romania","2012","Male","207",""
"Romania","2012","Female","82",""
"Romania","2012","Both sexes","145",""
"Romania","2000","Male","237",""
"Romania","2000","Female","106",""
"Romania","2000","Both sexes","173",""
"Romania","1990","Male","239",""
"Romania","1990","Female","114",""
"Romania","1990","Both sexes","178",""
"Russian Federation","2012","Male","339",""
"Russian Federation","2012","Female","127",""
"Russian Federation","2012","Both sexes","233",""
"Russian Federation","2000","Male","449",""
"Russian Federation","2000","Female","161",""
"Russian Federation","2000","Both sexes","312",""
"Russian Federation","1990","Male","318",""
"Russian Federation","1990","Female","117",""
"Russian Federation","1990","Both sexes","218",""
"Rwanda","2012","Male","253",""
"Rwanda","2012","Female","212",""
"Rwanda","2012","Both sexes","231",""
"Rwanda","2000","Male","480",""
"Rwanda","2000","Female","466",""
"Rwanda","2000","Both sexes","472",""
"Rwanda","1990","Male","487",""
"Rwanda","1990","Female","406",""
"Rwanda","1990","Both sexes","447",""
"Saint Kitts and Nevis","2012","Male","166",""
"Saint Kitts and Nevis","2012","Female","80",""
"Saint Kitts and Nevis","2012","Both sexes","123",""
"Saint Kitts and Nevis","2000","Male","214",""
"Saint Kitts and Nevis","2000","Female","134",""
"Saint Kitts and Nevis","2000","Both sexes","174",""
"Saint Kitts and Nevis","1990","Male","272",""
"Saint Kitts and Nevis","1990","Female","193",""
"Saint Kitts and Nevis","1990","Both sexes","233",""
"Saint Lucia","2012","Male","178",""
"Saint Lucia","2012","Female","85",""
"Saint Lucia","2012","Both sexes","132",""
"Saint Lucia","2000","Male","206",""
"Saint Lucia","2000","Female","117",""
"Saint Lucia","2000","Both sexes","161",""
"Saint Lucia","1990","Male","204",""
"Saint Lucia","1990","Female","147",""
"Saint Lucia","1990","Both sexes","176",""
"Saint Vincent and the Grenadines","2012","Male","169",""
"Saint Vincent and the Grenadines","2012","Female","111",""
"Saint Vincent and the Grenadines","2012","Both sexes","141",""
"Saint Vincent and the Grenadines","2000","Male","259",""
"Saint Vincent and the Grenadines","2000","Female","165",""
"Saint Vincent and the Grenadines","2000","Both sexes","215",""
"Saint Vincent and the Grenadines","1990","Male","217",""
"Saint Vincent and the Grenadines","1990","Female","140",""
"Saint Vincent and the Grenadines","1990","Both sexes","179",""
"Samoa","2012","Male","170",""
"Samoa","2012","Female","100",""
"Samoa","2012","Both sexes","137",""
"Samoa","2000","Male","225",""
"Samoa","2000","Female","136",""
"Samoa","2000","Both sexes","182",""
"Samoa","1990","Male","300",""
"Samoa","1990","Female","194",""
"Samoa","1990","Both sexes","248",""
"San Marino","2012","Male","55",""
"San Marino","2012","Female","47",""
"San Marino","2012","Both sexes","51",""
"San Marino","2000","Male","74",""
"San Marino","2000","Female","39",""
"San Marino","2000","Both sexes","57",""
"San Marino","1990","Male","80",""
"San Marino","1990","Female","40",""
"San Marino","1990","Both sexes","60",""
"Sao Tome and Principe","2012","Male","222",""
"Sao Tome and Principe","2012","Female","169",""
"Sao Tome and Principe","2012","Both sexes","194",""
"Sao Tome and Principe","2000","Male","249",""
"Sao Tome and Principe","2000","Female","197",""
"Sao Tome and Principe","2000","Both sexes","221",""
"Sao Tome and Principe","1990","Male","264",""
"Sao Tome and Principe","1990","Female","210",""
"Sao Tome and Principe","1990","Both sexes","237",""
"Saudi Arabia","2012","Male","90",""
"Saudi Arabia","2012","Female","68",""
"Saudi Arabia","2012","Both sexes","81",""
"Saudi Arabia","2000","Male","127",""
"Saudi Arabia","2000","Female","92",""
"Saudi Arabia","2000","Both sexes","112",""
"Saudi Arabia","1990","Male","178",""
"Saudi Arabia","1990","Female","131",""
"Saudi Arabia","1990","Both sexes","159",""
"Senegal","2012","Male","246",""
"Senegal","2012","Female","194",""
"Senegal","2012","Both sexes","218",""
"Senegal","2000","Male","282",""
"Senegal","2000","Female","224",""
"Senegal","2000","Both sexes","252",""
"Senegal","1990","Male","282",""
"Senegal","1990","Female","220",""
"Senegal","1990","Both sexes","251",""
"Serbia","2012","Male","173",""
"Serbia","2012","Female","85",""
"Serbia","2012","Both sexes","129",""
"Serbia","2000","Male","209",""
"Serbia","2000","Female","106",""
"Serbia","2000","Both sexes","159",""
"Serbia","1990","Male","184",""
"Serbia","1990","Female","94",""
"Serbia","1990","Both sexes","140",""
"Seychelles","2012","Male","217",""
"Seychelles","2012","Female","101",""
"Seychelles","2012","Both sexes","163",""
"Seychelles","2000","Male","248",""
"Seychelles","2000","Female","99",""
"Seychelles","2000","Both sexes","178",""
"Seychelles","1990","Male","318",""
"Seychelles","1990","Female","127",""
"Seychelles","1990","Both sexes","227",""
"Sierra Leone","2012","Male","444",""
"Sierra Leone","2012","Female","426",""
"Sierra Leone","2012","Both sexes","435",""
"Sierra Leone","2000","Male","551",""
"Sierra Leone","2000","Female","521",""
"Sierra Leone","2000","Both sexes","536",""
"Sierra Leone","1990","Male","525",""
"Sierra Leone","1990","Female","512",""
"Sierra Leone","1990","Both sexes","519",""
"Singapore","2012","Male","68",""
"Singapore","2012","Female","42",""
"Singapore","2012","Both sexes","55",""
"Singapore","2000","Male","97",""
"Singapore","2000","Female","56",""
"Singapore","2000","Both sexes","77",""
"Singapore","1990","Male","152",""
"Singapore","1990","Female","93",""
"Singapore","1990","Both sexes","123",""
"Slovakia","2012","Male","170",""
"Slovakia","2012","Female","67",""
"Slovakia","2012","Both sexes","119",""
"Slovakia","2000","Male","215",""
"Slovakia","2000","Female","79",""
"Slovakia","2000","Both sexes","147",""
"Slovakia","1990","Male","269",""
"Slovakia","1990","Female","104",""
"Slovakia","1990","Both sexes","187",""
"Slovenia","2012","Male","114",""
"Slovenia","2012","Female","50",""
"Slovenia","2012","Both sexes","83",""
"Slovenia","2000","Male","168",""
"Slovenia","2000","Female","72",""
"Slovenia","2000","Both sexes","122",""
"Slovenia","1990","Male","207",""
"Slovenia","1990","Female","82",""
"Slovenia","1990","Both sexes","145",""
"Solomon Islands","2012","Male","205",""
"Solomon Islands","2012","Female","165",""
"Solomon Islands","2012","Both sexes","186",""
"Solomon Islands","2000","Male","259",""
"Solomon Islands","2000","Female","219",""
"Solomon Islands","2000","Both sexes","239",""
"Solomon Islands","1990","Male","318",""
"Solomon Islands","1990","Female","290",""
"Solomon Islands","1990","Both sexes","305",""
"Somalia","2012","Male","382",""
"Somalia","2012","Female","299",""
"Somalia","2012","Both sexes","341",""
"Somalia","2000","Male","391",""
"Somalia","2000","Female","330",""
"Somalia","2000","Both sexes","361",""
"Somalia","1990","Male","473",""
"Somalia","1990","Female","364",""
"Somalia","1990","Both sexes","420",""
"South Africa","2012","Male","463",""
"South Africa","2012","Female","350",""
"South Africa","2012","Both sexes","403",""
"South Africa","2000","Male","433",""
"South Africa","2000","Female","313",""
"South Africa","2000","Both sexes","371",""
"South Africa","1990","Male","344",""
"South Africa","1990","Female","219",""
"South Africa","1990","Both sexes","282",""
"South Sudan","2012","Male","373",""
"South Sudan","2012","Female","349",""
"South Sudan","2012","Both sexes","361",""
"South Sudan","2000","Male","408",""
"South Sudan","2000","Female","368",""
"South Sudan","2000","Both sexes","388",""
"South Sudan","1990","Male","448",""
"South Sudan","1990","Female","391",""
"South Sudan","1990","Both sexes","420",""
"Spain","2012","Male","86",""
"Spain","2012","Female","40",""
"Spain","2012","Both sexes","63",""
"Spain","2000","Male","122",""
"Spain","2000","Female","49",""
"Spain","2000","Both sexes","86",""
"Spain","1990","Male","146",""
"Spain","1990","Female","60",""
"Spain","1990","Both sexes","103",""
"Sri Lanka","2012","Male","186",""
"Sri Lanka","2012","Female","75",""
"Sri Lanka","2012","Both sexes","130",""
"Sri Lanka","2000","Male","301",""
"Sri Lanka","2000","Female","111",""
"Sri Lanka","2000","Both sexes","210",""
"Sri Lanka","1990","Male","294",""
"Sri Lanka","1990","Female","125",""
"Sri Lanka","1990","Both sexes","214",""
"Sudan","2012","Male","276",""
"Sudan","2012","Female","214",""
"Sudan","2012","Both sexes","245",""
"Sudan","2000","Male","318",""
"Sudan","2000","Female","249",""
"Sudan","2000","Both sexes","284",""
"Sudan","1990","Male","342",""
"Sudan","1990","Female","276",""
"Sudan","1990","Both sexes","310",""
"Suriname","2012","Male","160",""
"Suriname","2012","Female","94",""
"Suriname","2012","Both sexes","127",""
"Suriname","2000","Male","202",""
"Suriname","2000","Female","143",""
"Suriname","2000","Both sexes","173",""
"Suriname","1990","Male","188",""
"Suriname","1990","Female","123",""
"Suriname","1990","Both sexes","156",""
"Swaziland","2012","Male","494",""
"Swaziland","2012","Female","411",""
"Swaziland","2012","Both sexes","451",""
"Swaziland","2000","Male","540",""
"Swaziland","2000","Female","515",""
"Swaziland","2000","Both sexes","526",""
"Swaziland","1990","Male","253",""
"Swaziland","1990","Female","288",""
"Swaziland","1990","Both sexes","274",""
"Sweden","2012","Male","68",""
"Sweden","2012","Female","44",""
"Sweden","2012","Both sexes","56",""
"Sweden","2000","Male","87",""
"Sweden","2000","Female","56",""
"Sweden","2000","Both sexes","72",""
"Sweden","1990","Male","114",""
"Sweden","1990","Female","66",""
"Sweden","1990","Both sexes","90",""
"Switzerland","2012","Male","67",""
"Switzerland","2012","Female","40",""
"Switzerland","2012","Both sexes","54",""
"Switzerland","2000","Male","99",""
"Switzerland","2000","Female","54",""
"Switzerland","2000","Both sexes","77",""
"Switzerland","1990","Male","126",""
"Switzerland","1990","Female","62",""
"Switzerland","1990","Both sexes","95",""
"Syrian Arab Republic","2012","Male","332",""
"Syrian Arab Republic","2012","Female","109",""
"Syrian Arab Republic","2012","Both sexes","230",""
"Syrian Arab Republic","2000","Male","132",""
"Syrian Arab Republic","2000","Female","102",""
"Syrian Arab Republic","2000","Both sexes","117",""
"Syrian Arab Republic","1990","Male","158",""
"Syrian Arab Republic","1990","Female","140",""
"Syrian Arab Republic","1990","Both sexes","149",""
"Tajikistan","2012","Male","178",""
"Tajikistan","2012","Female","154",""
"Tajikistan","2012","Both sexes","166",""
"Tajikistan","2000","Male","208",""
"Tajikistan","2000","Female","178",""
"Tajikistan","2000","Both sexes","193",""
"Tajikistan","1990","Male","217",""
"Tajikistan","1990","Female","180",""
"Tajikistan","1990","Both sexes","199",""
"Thailand","2012","Male","182",""
"Thailand","2012","Female","90",""
"Thailand","2012","Both sexes","136",""
"Thailand","2000","Male","265",""
"Thailand","2000","Female","126",""
"Thailand","2000","Both sexes","196",""
"Thailand","1990","Male","233",""
"Thailand","1990","Female","132",""
"Thailand","1990","Both sexes","183",""
"The former Yugoslav Republic of Macedonia","2012","Male","135",""
"The former Yugoslav Republic of Macedonia","2012","Female","73",""
"The former Yugoslav Republic of Macedonia","2012","Both sexes","105",""
"The former Yugoslav Republic of Macedonia","2000","Male","159",""
"The former Yugoslav Republic of Macedonia","2000","Female","87",""
"The former Yugoslav Republic of Macedonia","2000","Both sexes","123",""
"The former Yugoslav Republic of Macedonia","1990","Male","153",""
"The former Yugoslav Republic of Macedonia","1990","Female","87",""
"The former Yugoslav Republic of Macedonia","1990","Both sexes","120",""
"Timor-Leste","2012","Male","214",""
"Timor-Leste","2012","Female","170",""
"Timor-Leste","2012","Both sexes","192",""
"Timor-Leste","2000","Male","296",""
"Timor-Leste","2000","Female","253",""
"Timor-Leste","2000","Both sexes","275",""
"Timor-Leste","1990","Male","424",""
"Timor-Leste","1990","Female","361",""
"Timor-Leste","1990","Both sexes","395",""
"Togo","2012","Male","318",""
"Togo","2012","Female","293",""
"Togo","2012","Both sexes","305",""
"Togo","2000","Male","347",""
"Togo","2000","Female","333",""
"Togo","2000","Both sexes","340",""
"Togo","1990","Male","304",""
"Togo","1990","Female","259",""
"Togo","1990","Both sexes","281",""
"Tonga","2012","Male","117",""
"Tonga","2012","Female","248",""
"Tonga","2012","Both sexes","187",""
"Tonga","2000","Male","208",""
"Tonga","2000","Female","188",""
"Tonga","2000","Both sexes","198",""
"Tonga","1990","Male","314",""
"Tonga","1990","Female","128",""
"Tonga","1990","Both sexes","222",""
"Trinidad and Tobago","2012","Male","229",""
"Trinidad and Tobago","2012","Female","130",""
"Trinidad and Tobago","2012","Both sexes","181",""
"Trinidad and Tobago","2000","Male","249",""
"Trinidad and Tobago","2000","Female","144",""
"Trinidad and Tobago","2000","Both sexes","198",""
"Trinidad and Tobago","1990","Male","248",""
"Trinidad and Tobago","1990","Female","166",""
"Trinidad and Tobago","1990","Both sexes","207",""
"Tunisia","2012","Male","133",""
"Tunisia","2012","Female","71",""
"Tunisia","2012","Both sexes","102",""
"Tunisia","2000","Male","144",""
"Tunisia","2000","Female","89",""
"Tunisia","2000","Both sexes","117",""
"Tunisia","1990","Male","146",""
"Tunisia","1990","Female","102",""
"Tunisia","1990","Both sexes","124",""
"Turkey","2012","Male","150",""
"Turkey","2012","Female","75",""
"Turkey","2012","Both sexes","112",""
"Turkey","2000","Male","198",""
"Turkey","2000","Female","103",""
"Turkey","2000","Both sexes","150",""
"Turkey","1990","Male","232",""
"Turkey","1990","Female","133",""
"Turkey","1990","Both sexes","184",""
"Turkmenistan","2012","Male","378",""
"Turkmenistan","2012","Female","201",""
"Turkmenistan","2012","Both sexes","292",""
"Turkmenistan","2000","Male","344",""
"Turkmenistan","2000","Female","204",""
"Turkmenistan","2000","Both sexes","275",""
"Turkmenistan","1990","Male","301",""
"Turkmenistan","1990","Female","193",""
"Turkmenistan","1990","Both sexes","248",""
"Tuvalu","2012","Male","240",""
"Tuvalu","2012","Female","185",""
"Tuvalu","2012","Both sexes","213",""
"Tuvalu","2000","Male","296",""
"Tuvalu","2000","Female","231",""
"Tuvalu","2000","Both sexes","265",""
"Tuvalu","1990","Male","348",""
"Tuvalu","1990","Female","259",""
"Tuvalu","1990","Both sexes","306",""
"Uganda","2012","Male","389",""
"Uganda","2012","Female","360",""
"Uganda","2012","Both sexes","375",""
"Uganda","2000","Male","595",""
"Uganda","2000","Female","559",""
"Uganda","2000","Both sexes","577",""
"Uganda","1990","Male","503",""
"Uganda","1990","Female","418",""
"Uganda","1990","Both sexes","461",""
"Ukraine","2012","Male","297",""
"Ukraine","2012","Female","116",""
"Ukraine","2012","Both sexes","205",""
"Ukraine","2000","Male","377",""
"Ukraine","2000","Female","136",""
"Ukraine","2000","Both sexes","258",""
"Ukraine","1990","Male","287",""
"Ukraine","1990","Female","112",""
"Ukraine","1990","Both sexes","199",""
"United Arab Emirates","2012","Male","85",""
"United Arab Emirates","2012","Female","60",""
"United Arab Emirates","2012","Both sexes","77",""
"United Arab Emirates","2000","Male","114",""
"United Arab Emirates","2000","Female","89",""
"United Arab Emirates","2000","Both sexes","108",""
"United Arab Emirates","1990","Male","150",""
"United Arab Emirates","1990","Female","121",""
"United Arab Emirates","1990","Both sexes","142",""
"United Kingdom","2012","Male","90",""
"United Kingdom","2012","Female","56",""
"United Kingdom","2012","Both sexes","73",""
"United Kingdom","2000","Male","108",""
"United Kingdom","2000","Female","67",""
"United Kingdom","2000","Both sexes","88",""
"United Kingdom","1990","Male","129",""
"United Kingdom","1990","Female","78",""
"United Kingdom","1990","Both sexes","104",""
"United Republic of Tanzania","2012","Male","342",""
"United Republic of Tanzania","2012","Female","277",""
"United Republic of Tanzania","2012","Both sexes","310",""
"United Republic of Tanzania","2000","Male","454",""
"United Republic of Tanzania","2000","Female","427",""
"United Republic of Tanzania","2000","Both sexes","440",""
"United Republic of Tanzania","1990","Male","388",""
"United Republic of Tanzania","1990","Female","328",""
"United Republic of Tanzania","1990","Both sexes","358",""
"United States of America","2012","Male","130",""
"United States of America","2012","Female","77",""
"United States of America","2012","Both sexes","103",""
"United States of America","2000","Male","144",""
"United States of America","2000","Female","83",""
"United States of America","2000","Both sexes","114",""
"United States of America","1990","Male","173",""
"United States of America","1990","Female","91",""
"United States of America","1990","Both sexes","132",""
"Uruguay","2012","Male","149",""
"Uruguay","2012","Female","79",""
"Uruguay","2012","Both sexes","114",""
"Uruguay","2000","Male","181",""
"Uruguay","2000","Female","90",""
"Uruguay","2000","Both sexes","135",""
"Uruguay","1990","Male","196",""
"Uruguay","1990","Female","98",""
"Uruguay","1990","Both sexes","147",""
"Uzbekistan","2012","Male","211",""
"Uzbekistan","2012","Female","131",""
"Uzbekistan","2012","Both sexes","171",""
"Uzbekistan","2000","Male","252",""
"Uzbekistan","2000","Female","151",""
"Uzbekistan","2000","Both sexes","202",""
"Uzbekistan","1990","Male","251",""
"Uzbekistan","1990","Female","144",""
"Uzbekistan","1990","Both sexes","198",""
"Vanuatu","2012","Male","164",""
"Vanuatu","2012","Female","116",""
"Vanuatu","2012","Both sexes","140",""
"Vanuatu","2000","Male","209",""
"Vanuatu","2000","Female","162",""
"Vanuatu","2000","Both sexes","186",""
"Vanuatu","1990","Male","256",""
"Vanuatu","1990","Female","210",""
"Vanuatu","1990","Both sexes","235",""
"Venezuela (Bolivarian Republic of)","2012","Male","200",""
"Venezuela (Bolivarian Republic of)","2012","Female","89",""
"Venezuela (Bolivarian Republic of)","2012","Both sexes","146",""
"Venezuela (Bolivarian Republic of)","2000","Male","185",""
"Venezuela (Bolivarian Republic of)","2000","Female","98",""
"Venezuela (Bolivarian Republic of)","2000","Both sexes","143",""
"Venezuela (Bolivarian Republic of)","1990","Male","178",""
"Venezuela (Bolivarian Republic of)","1990","Female","117",""
"Venezuela (Bolivarian Republic of)","1990","Both sexes","148",""
"Viet Nam","2012","Male","191",""
"Viet Nam","2012","Female","69",""
"Viet Nam","2012","Both sexes","131",""
"Viet Nam","2000","Male","201",""
"Viet Nam","2000","Female","79",""
"Viet Nam","2000","Both sexes","139",""
"Viet Nam","1990","Male","212",""
"Viet Nam","1990","Female","95",""
"Viet Nam","1990","Both sexes","153",""
"Yemen","2012","Male","264",""
"Yemen","2012","Female","214",""
"Yemen","2012","Both sexes","238",""
"Yemen","2000","Male","278",""
"Yemen","2000","Female","230",""
"Yemen","2000","Both sexes","255",""
"Yemen","1990","Male","301",""
"Yemen","1990","Female","247",""
"Yemen","1990","Both sexes","272",""
"Zambia","2012","Male","398",""
"Zambia","2012","Female","353",""
"Zambia","2012","Both sexes","376",""
"Zambia","2000","Male","704",""
"Zambia","2000","Female","633",""
"Zambia","2000","Both sexes","670",""
"Zambia","1990","Male","634",""
"Zambia","1990","Female","452",""
"Zambia","1990","Both sexes","550",""
"Zimbabwe","2012","Male","390",""
"Zimbabwe","2012","Female","313",""
"Zimbabwe","2012","Both sexes","351",""
"Zimbabwe","2000","Male","738",""
"Zimbabwe","2000","Female","764",""
"Zimbabwe","2000","Both sexes","751",""
"Zimbabwe","1990","Male","308",""
"Zimbabwe","1990","Female","255",""
"Zimbabwe","1990","Both sexes","282",""

